{"cameraMode":{"drawMode":0,"name":"Shaded","section":"Shading Mode"},"sceneLighting":true,"audioPlay":false,"sceneViewState":{"m_AlwaysRefresh":false,"showFog":true,"showSkybox":true,"showFlares":true,"showImageEffects":true,"showParticleSystems":true,"showVisualEffectGraphs":true,"m_FxEnabled":true},"in2DMode":false,"pivot":{"x":1.272991418838501,"y":0.9207479953765869,"z":2.195834159851074},"rotation":{"x":-0.11619605869054795,"y":0.38320448994636538,"z":-0.04866151139140129,"w":-0.9150325059890747},"size":1.4522095918655396,"orthographic":false}